filename,width,height,class,xmin,ymin,xmax,ymax
06c354445f4c90aa98_kum6bhpi6_600_399_90.jpg,600,399,cyclist_front,312,86,436,391
06c354445f4c90aa98_kum6bhpi6_600_399_90.jpg,600,399,cyclist_front,458,6,576,392
06c354445f4c90aa98_kum6bhpi6_600_399_90.jpg,600,399,cyclist_front,423,122,462,221
06c354445f4c90aa98_kum6bhpi6_600_399_90.jpg,600,399,cyclist_side,31,41,292,367
10056227853_8f584f381e_k.jpg,1000,667,cyclist_back,782,236,917,555
10056227853_8f584f381e_k.jpg,1000,667,cyclist_back,596,218,724,541
10056227853_8f584f381e_k.jpg,1000,667,cyclist_side,80,217,325,535
10056227853_8f584f381e_k.jpg,1000,667,cyclist_side,309,164,526,540
3_Must_Dos_for_a_Successful_Bike_Training_Ride1.jpg,750,420,cyclist_back,498,12,638,416
advantages_91976592_e1438024723397.jpg,1200,900,cyclist_front,850,131,1097,774
advantages_91976592_e1438024723397.jpg,1200,900,cyclist_front,555,276,787,832
advantages_91976592_e1438024723397.jpg,1200,900,cyclist_front,246,154,496,795
advantages_91976592_e1438024723397.jpg,1200,900,cyclist_front,26,260,300,890
bicycles_SDOT_flickr.jpg,2048,1152,cyclist_back,1566,355,1847,1137
bicycles_SDOT_flickr.jpg,2048,1152,cyclist_back,978,529,1198,1026
bicycles_SDOT_flickr.jpg,2048,1152,cyclist_back,786,275,1045,1087
bicycles_SDOT_flickr.jpg,2048,1152,cyclist_front,668,237,821,680
bicycles_SDOT_flickr.jpg,2048,1152,cyclist_front,255,265,509,842
bicycles_SDOT_flickr.jpg,2048,1152,cyclist_front,1035,254,1112,416
COCO_train2014_000000014089.jpg,640,431,cyclist_back,457,168,567,426
COCO_train2014_000000014089.jpg,640,431,cyclist_back,357,183,392,275
COCO_train2014_000000014089.jpg,640,431,cyclist_back,311,191,322,223
COCO_train2014_000000064941.jpg,480,640,cyclist_back,50,203,161,486
COCO_train2014_000000064941.jpg,480,640,cyclist_back,240,171,350,483
COCO_train2014_000000064941.jpg,480,640,cyclist_back,317,260,430,617
COCO_train2014_000000068176.jpg,640,523,cyclist_front,375,179,464,439
Cyclists_at_red_2.jpg,3000,1777,cyclist_front,2327,295,2783,1417
Cyclists_at_red_2.jpg,3000,1777,cyclist_front,2081,317,2354,1208
Cyclists_at_red_2.jpg,3000,1777,cyclist_front,1361,366,1717,1415
Cyclists_at_red_2.jpg,3000,1777,cyclist_front,720,369,1037,1386
Cyclists_at_red_2.jpg,3000,1777,cyclist_front,20,334,395,1447
Cyclists_at_red_2.jpg,3000,1777,cyclist_front,2783,444,2895,781
Cyclists_at_red_2.jpg,3000,1777,cyclist_front,1795,395,1964,1052
Cyclists_at_red_2.jpg,3000,1777,cyclist_front,1056,269,1420,1381
file_20170814_28430_17u0lgb.jpg,496,372,cyclist_back,270,45,406,367
file_20170814_28430_17u0lgb.jpg,496,372,cyclist_back,87,44,179,359
file_20170814_28430_17u0lgb.jpg,496,372,cyclist_back,230,51,281,216
file_20170814_28430_17u0lgb.jpg,496,372,cyclist_side,5,54,84,139
file_20170814_28430_17u0lgb.jpg,496,372,cyclist_back,464,55,490,121
file_20170814_28430_17u0lgb.jpg,496,372,cyclist_back,412,66,437,123
file_20170814_28430_17u0lgb.jpg,496,372,cyclist_side,372,65,414,132
file_20180627_112644_3b2p1m.jpg,496,292,cyclist_front,416,80,483,237
file_20180627_112644_3b2p1m.jpg,496,292,cyclist_front,52,104,112,255
file_20180627_112644_3b2p1m.jpg,496,292,cyclist_front,95,79,167,287
file_20180627_112644_3b2p1m.jpg,496,292,cyclist_front,176,92,224,217
file_20180627_112644_3b2p1m.jpg,496,292,cyclist_front,216,78,269,253
image10001.jpg,640,360,cyclist_back,278,82,305,162
image10001.jpg,640,360,cyclist_back,249,87,268,134
image10002.jpg,640,360,cyclist_back,277,84,303,161
image10002.jpg,640,360,cyclist_back,247,85,270,132
image10136.jpg,1280,720,cyclist_back,572,241,675,561
image10136.jpg,1280,720,cyclist_back,854,239,939,399
image10136.jpg,1280,720,cyclist_back,769,247,823,349
image10141.jpg,640,360,cyclist_back,413,52,507,252
image10141.jpg,640,360,cyclist_back,557,88,603,172
image10143.jpg,640,360,cyclist_back,404,54,482,231
image10143.jpg,640,360,cyclist_back,553,88,596,169
image10144.jpg,640,360,cyclist_back,398,49,464,228
image10144.jpg,640,360,cyclist_back,556,86,595,177
image10145.jpg,640,360,cyclist_back,382,54,453,223
image10145.jpg,640,360,cyclist_back,553,83,594,168
image10154.jpg,640,360,cyclist_back,352,58,389,165
image10154.jpg,640,360,cyclist_back,528,83,571,159
image10156.jpg,640,360,cyclist_back,355,60,381,161
image10156.jpg,640,360,cyclist_back,531,84,563,155
image10157.jpg,640,360,cyclist_back,352,58,383,160
image10157.jpg,640,360,cyclist_back,526,85,563,155
image10238.jpg,1280,720,cyclist_back,589,257,689,536
image10238.jpg,1280,720,cyclist_back,484,289,561,508
image10286.jpg,640,360,cyclist_back,173,38,250,274
image10289.jpg,640,360,cyclist_back,188,43,261,252
image10290.jpg,640,360,cyclist_back,193,44,265,253
image10292.jpg,640,360,cyclist_back,198,46,267,238
image10295.jpg,640,360,cyclist_back,212,46,274,227
image10297.jpg,640,360,cyclist_back,221,47,277,222
image10305.jpg,640,360,cyclist_back,248,54,289,180
image10311.jpg,640,360,cyclist_back,260,57,294,166
image10312.jpg,640,360,cyclist_back,262,54,295,158
image10314.jpg,640,360,cyclist_back,264,55,295,161
image10354.jpg,1280,720,cyclist_side,735,345,830,436
image10354.jpg,1280,720,cyclist_side,210,383,305,518
image10354.jpg,1280,720,cyclist_side,278,353,351,515
image10354.jpg,1280,720,cyclist_side,500,353,579,433
image10354.jpg,1280,720,cyclist_side,825,348,884,415
image10354.jpg,1280,720,cyclist_back,324,361,557,711
image10365.jpg,1280,720,cyclist_back,451,424,575,710
image10365.jpg,1280,720,cyclist_side,952,419,1057,556
image10365.jpg,1280,720,cyclist_side,692,417,855,598
image10375.jpg,1280,720,cyclist_side,589,399,747,549
image10375.jpg,1280,720,cyclist_side,245,389,397,560
image10375.jpg,1280,720,cyclist_back,486,367,598,637
image10387.jpg,1280,720,cyclist_back,472,374,587,633
image10387.jpg,1280,720,cyclist_side,90,419,222,567
image10387.jpg,1280,720,cyclist_side,898,383,945,440
image10419.jpg,640,360,cyclist_back,282,92,338,285
image10419.jpg,640,360,cyclist_back,228,109,251,184
image10419.jpg,640,360,cyclist_back,133,111,195,267
image10431.jpg,640,360,cyclist_back,296,92,342,257
image10431.jpg,640,360,cyclist_back,229,105,254,189
image10431.jpg,640,360,cyclist_back,175,103,213,217
image10523.jpg,640,360,cyclist_back,233,107,260,179
image10523.jpg,640,360,cyclist_back,194,102,223,202
image10543.jpg,640,360,cyclist_back,175,117,234,245
image10543.jpg,640,360,cyclist_back,248,116,261,157
image10543.jpg,640,360,cyclist_back,232,109,252,164
image10547.jpg,640,360,cyclist_back,211,117,252,223
image10608.jpg,640,360,cyclist_back,112,94,160,276
image10608.jpg,640,360,cyclist_side,218,118,252,163
image10625.jpg,640,360,cyclist_back,158,101,201,237
image10625.jpg,640,360,cyclist_side,322,110,384,185
image10639.jpg,640,360,cyclist_back,166,111,199,210
image10643.jpg,1280,720,cyclist_back,451,200,533,443
image10643.jpg,1280,720,cyclist_back,356,224,421,407
image10643.jpg,1280,720,cyclist_back,172,284,283,600
image10845.jpg,1280,720,cyclist_back,571,245,685,597
image10845.jpg,1280,720,cyclist_back,632,209,699,380
image10958.jpg,1280,720,cyclist_back,602,214,824,705
image10958.jpg,1280,720,cyclist_back,318,152,435,417
image10958.jpg,1280,720,cyclist_back,536,111,588,251
image10958.jpg,1280,720,cyclist_back,576,109,628,249
image10958.jpg,1280,720,cyclist_back,637,97,697,244
image111.jpg,640,360,cyclist_back,389,119,488,355
image112.jpg,640,360,cyclist_back,391,121,481,343
image11216.jpg,1280,720,cyclist_back,382,326,529,633
image11216.jpg,1280,720,cyclist_back,526,253,614,465
image113.jpg,640,360,cyclist_back,400,112,488,328
image11303.jpg,640,360,cyclist_back,191,180,244,315
image11303.jpg,640,360,cyclist_back,236,165,260,229
image11303.jpg,640,360,cyclist_back,254,155,274,197
image11312.jpg,640,360,cyclist_back,261,154,278,191
image11312.jpg,640,360,cyclist_back,224,169,261,256
image11320.jpg,640,360,cyclist_back,188,185,242,333
image11320.jpg,640,360,cyclist_back,245,164,267,201
image11329.jpg,1280,720,cyclist_back,452,268,542,543
image11329.jpg,1280,720,cyclist_back,667,267,783,656
image11329.jpg,1280,720,cyclist_back,790,209,912,564
image11392.jpg,640,360,cyclist_back,222,145,294,309
image11392.jpg,640,360,cyclist_back,128,191,200,344
image115.jpg,640,360,cyclist_back,405,108,495,298
image1150.jpg,1280,720,cyclist_back,1063,198,1180,519
image1150.jpg,1280,720,cyclist_back,970,207,1040,435
image1150.jpg,1280,720,cyclist_back,887,208,950,406
image1150.jpg,1280,720,cyclist_front,595,137,745,573
image1150.jpg,1280,720,cyclist_front,456,109,635,645
image1150.jpg,1280,720,cyclist_front,316,139,452,579
image11517.jpg,1280,720,cyclist_side,819,341,1070,647
image11517.jpg,1280,720,cyclist_back,576,325,693,666
image116.jpg,640,360,cyclist_back,394,119,475,291
image11684.jpg,640,360,cyclist_back,359,111,395,206
image11684.jpg,640,360,cyclist_back,319,123,356,217
image11686.jpg,640,360,cyclist_back,368,122,400,213
image11686.jpg,640,360,cyclist_back,329,134,360,222
image11738.jpg,640,360,cyclist_back,312,113,340,204
image119.jpg,1280,720,cyclist_front,568,250,709,532
image119.jpg,1280,720,cyclist_front,395,253,552,500
image11942.jpg,1280,720,cyclist_back,715,319,851,676
image11942.jpg,1280,720,cyclist_back,562,357,666,664
image12014.jpg,640,360,cyclist_back,382,118,432,187
image12014.jpg,640,360,cyclist_back,311,132,341,194
image12014.jpg,640,360,cyclist_back,279,137,311,209
image12050.jpg,640,360,cyclist_back,375,103,422,180
image12050.jpg,640,360,cyclist_back,229,131,284,285
image12055.jpg,640,360,cyclist_back,222,147,289,341
image12055.jpg,640,360,cyclist_back,394,119,436,192
image12178.jpg,1280,720,cyclist_back,647,228,728,405
image12178.jpg,1280,720,cyclist_back,480,244,618,617
image12232.jpg,1280,720,cyclist_back,715,343,822,645
image12232.jpg,1280,720,cyclist_back,618,344,702,559
image12363.jpg,640,360,cyclist_back,291,190,333,309
image12364.jpg,640,360,cyclist_back,294,185,330,302
image1240.jpg,1280,720,cyclist_back,602,298,747,657
image1240.jpg,1280,720,cyclist_back,461,355,524,533
image1240.jpg,1280,720,cyclist_back,552,333,582,404
image1240.jpg,1280,720,cyclist_front,837,302,862,369
image12614.jpg,640,360,cyclist_back,223,163,275,286
image12705.jpg,1280,720,cyclist_back,845,327,922,527
image12705.jpg,1280,720,cyclist_back,373,383,483,682
image1285.jpg,1280,720,cyclist_front,803,184,1017,713
image1285.jpg,1280,720,cyclist_front,505,144,758,707
image1285.jpg,1280,720,cyclist_front,287,189,473,707
image1285.jpg,1280,720,cyclist_front,447,280,513,530
image12981.jpg,640,360,cyclist_back,279,138,302,179
image13006.jpg,640,360,cyclist_back,334,167,364,247
image13006.jpg,640,360,cyclist_back,169,186,201,276
image1305.jpg,1280,720,cyclist_front,429,253,554,634
image1305.jpg,1280,720,cyclist_front,318,300,416,531
image1305.jpg,1280,720,cyclist_front,259,317,313,489
image1305.jpg,1280,720,cyclist_back,549,328,595,466
image13193.jpg,1280,720,cyclist_side,712,269,833,418
image13199.jpg,1280,720,cyclist_side,421,231,580,413
image13204.jpg,1280,720,cyclist_side,114,222,300,426
image13606.jpg,640,360,cyclist_back,310,135,332,178
image13808.jpg,1280,720,cyclist_back,691,430,773,685
image13827.jpg,640,360,cyclist_back,471,80,526,224
image13895.jpg,1280,720,cyclist_front,909,131,963,230
image13895.jpg,1280,720,cyclist_back,564,127,607,260
image13895.jpg,1280,720,cyclist_back,536,126,573,243
image13930.jpg,1280,720,cyclist_back,628,123,700,306
image13930.jpg,1280,720,cyclist_back,529,132,596,306
image14017.jpg,640,360,cyclist_front,375,83,409,175
image14089.jpg,1280,720,cyclist_back,389,229,574,631
image14089.jpg,1280,720,cyclist_side,723,201,803,289
image14097.jpg,1280,720,cyclist_back,113,205,172,348
image14097.jpg,1280,720,cyclist_back,448,174,624,516
image14097.jpg,1280,720,cyclist_side,936,164,1008,259
image1412.jpg,1280,720,cyclist_back,462,385,554,590
image14207.jpg,640,360,cyclist_back,374,135,439,290
image14217.jpg,640,360,cyclist_back,331,132,369,258
image14224.jpg,1280,720,cyclist_back,630,342,685,471
image14224.jpg,1280,720,cyclist_back,574,346,633,481
image14224.jpg,1280,720,cyclist_back,503,322,566,504
image14265.jpg,1280,720,cyclist_back,562,439,632,685
image14452.jpg,1280,720,cyclist_back,824,315,909,489
image14452.jpg,1280,720,cyclist_back,661,303,710,402
image14452.jpg,1280,720,cyclist_back,486,273,556,519
image14465.jpg,640,360,cyclist_front,345,143,380,226
image14465.jpg,640,360,cyclist_front,256,151,285,205
image14480.jpg,640,360,cyclist_front,368,142,411,243
image14480.jpg,640,360,cyclist_front,225,152,257,217
image14499.jpg,640,360,cyclist_front,409,113,469,291
image14499.jpg,640,360,cyclist_front,317,164,333,194
image14515.jpg,640,360,cyclist_front,357,97,448,290
image1458.jpg,640,360,cyclist_side,381,182,447,265
image1460.jpg,640,360,cyclist_side,356,187,428,268
image14623.jpg,1280,720,cyclist_back,854,376,966,584
image14623.jpg,1280,720,cyclist_back,779,337,825,431
image14623.jpg,1280,720,cyclist_back,614,322,721,672
image14623.jpg,1280,720,cyclist_back,472,289,563,536
image1473.jpg,1280,720,cyclist_back,212,268,367,631
image14914.jpg,1280,720,cyclist_front,686,56,797,279
image1493.jpg,1280,720,cyclist_back,592,156,758,714
image1493.jpg,1280,720,cyclist_back,407,177,559,672
image15437.jpg,1280,720,cyclist_back,776,437,807,524
image15478.jpg,1920,1080,cyclist_back,1258,425,1524,958
image15478.jpg,1920,1080,cyclist_back,1007,408,1144,772
image15478.jpg,1920,1080,cyclist_back,905,421,987,652
image15478.jpg,1920,1080,cyclist_back,862,396,913,564
image15478.jpg,1920,1080,cyclist_back,818,408,859,573
image15496.jpg,1920,1080,cyclist_back,1468,412,1883,1065
image15496.jpg,1920,1080,cyclist_back,1122,412,1256,819
image15496.jpg,1920,1080,cyclist_back,934,421,1004,659
image15496.jpg,1920,1080,cyclist_back,884,393,931,576
image15505.jpg,1920,1080,cyclist_back,1124,412,1319,825
image15505.jpg,1920,1080,cyclist_back,968,401,1061,682
image15505.jpg,1920,1080,cyclist_back,893,407,950,592
image15540.jpg,1920,1080,cyclist_back,1064,392,1207,770
image15540.jpg,1920,1080,cyclist_back,833,396,874,524
image15540.jpg,1920,1080,cyclist_side,916,422,984,498
image15540.jpg,1920,1080,cyclist_back,1338,373,1779,1068
image1555.jpg,1280,720,cyclist_back,546,348,613,544
image15564.jpg,1920,1080,cyclist_back,1299,431,1661,985
image15564.jpg,1920,1080,cyclist_back,1048,388,1208,884
image15564.jpg,1920,1080,cyclist_back,934,395,1019,652
image1564.jpg,1280,720,cyclist_back,766,161,945,579
image1564.jpg,1280,720,cyclist_back,429,157,561,553
image15722.jpg,1920,1080,cyclist_back,1361,262,1501,638
image15722.jpg,1920,1080,cyclist_side,573,307,776,527
image15722.jpg,1920,1080,cyclist_side,782,262,882,410
image15722.jpg,1920,1080,cyclist_side,179,272,310,392
image15722.jpg,1920,1080,cyclist_back,944,256,1016,425
image15722.jpg,1920,1080,cyclist_front,1094,250,1148,402
image15728.jpg,1920,1080,cyclist_back,1267,262,1394,567
image15728.jpg,1920,1080,cyclist_front,1090,245,1164,402
image15728.jpg,1920,1080,cyclist_side,639,268,773,392
image15728.jpg,1920,1080,cyclist_side,502,312,711,552
image15728.jpg,1920,1080,cyclist_side,219,270,353,390
image15728.jpg,1920,1080,cyclist_side,354,272,471,376
image15759.jpg,1920,1080,cyclist_back,1242,276,1425,644
image15759.jpg,1920,1080,cyclist_front,1119,250,1194,430
image15759.jpg,1920,1080,cyclist_side,947,255,1068,378
image15759.jpg,1920,1080,cyclist_side,761,261,913,402
image15759.jpg,1920,1080,cyclist_side,438,341,814,712
image15759.jpg,1920,1080,cyclist_side,518,267,670,408
image15759.jpg,1920,1080,cyclist_side,30,262,190,418
image15777.jpg,1920,1080,cyclist_back,1516,235,1801,948
image15777.jpg,1920,1080,cyclist_back,1202,282,1341,565
image15777.jpg,1920,1080,cyclist_side,876,367,1254,755
image15777.jpg,1920,1080,cyclist_side,873,264,1001,412
image15777.jpg,1920,1080,cyclist_side,528,281,642,401
image15777.jpg,1920,1080,cyclist_side,193,275,322,382
image15777.jpg,1920,1080,cyclist_front,1102,252,1188,430
image15852.jpg,1920,1080,cyclist_back,1145,436,1198,567
image15852.jpg,1920,1080,cyclist_back,1054,444,1096,545
image15859.jpg,1280,720,cyclist_back,624,424,676,556
image16046.jpg,1920,1080,cyclist_back,1393,316,1568,758
image16046.jpg,1920,1080,cyclist_front,1076,333,1185,679
image16053.jpg,1920,1080,cyclist_back,1478,324,1638,725
image16053.jpg,1920,1080,cyclist_front,1154,292,1358,765
image1612.jpg,640,360,cyclist_back,287,146,353,284
image1614.jpg,640,360,cyclist_back,307,149,364,273
image1615.jpg,640,360,cyclist_back,314,151,366,272
image16151.jpg,1920,1080,cyclist_back,1424,447,1478,642
image16151.jpg,1920,1080,cyclist_back,1365,458,1404,590
image1616.jpg,640,360,cyclist_back,324,152,374,267
image1618.jpg,640,360,cyclist_back,310,149,371,276
image1619.jpg,640,360,cyclist_back,296,147,365,282
image1620.jpg,640,360,cyclist_back,296,142,362,287
image16204.jpg,1920,1080,cyclist_back,1696,465,1867,865
image16204.jpg,1920,1080,cyclist_back,1542,501,1656,764
image16204.jpg,1920,1080,cyclist_back,1467,475,1547,693
image1622.jpg,640,360,cyclist_back,289,141,353,292
image1623.jpg,640,360,cyclist_back,285,138,352,295
image1624.jpg,640,360,cyclist_back,282,133,343,300
image1625.jpg,640,360,cyclist_back,277,138,344,306
image1627.jpg,640,360,cyclist_back,270,130,340,316
image1636.jpg,640,360,cyclist_back,407,168,432,238
image16361.jpg,1280,720,cyclist_back,641,356,697,508
image1640.jpg,640,360,cyclist_back,414,167,435,230
image16597.jpg,1280,720,cyclist_front,855,255,957,460
image16597.jpg,1280,720,cyclist_back,285,183,478,642
image16713.jpg,1280,720,cyclist_back,564,241,619,415
image1676.jpg,1280,720,cyclist_back,1038,232,1134,570
image1676.jpg,1280,720,cyclist_back,941,249,1050,597
image1676.jpg,1280,720,cyclist_back,633,228,764,648
image1676.jpg,1280,720,cyclist_back,354,224,547,699
image1676.jpg,1280,720,cyclist_back,21,99,309,711
image1676.jpg,1280,720,cyclist_back,1152,274,1227,551
image1679.jpg,1280,720,cyclist_side,522,380,623,544
image16853.jpg,1280,720,cyclist_back,676,340,754,563
image1746.jpg,1280,720,cyclist_back,560,370,632,535
image175.jpg,1280,720,cyclist_back,454,369,586,666
image175.jpg,1280,720,cyclist_back,348,381,433,562
image175.jpg,1280,720,cyclist_back,398,352,440,451
image17509.jpg,1280,720,cyclist_back,360,319,482,611
image178.jpg,1280,720,cyclist_back,549,391,683,659
image178.jpg,1280,720,cyclist_back,438,406,505,591
image178.jpg,1280,720,cyclist_back,483,387,523,484
image179.jpg,1280,720,cyclist_back,580,399,707,680
image179.jpg,1280,720,cyclist_back,461,410,535,587
image1796.jpg,1280,720,cyclist_front,160,360,239,586
image1796.jpg,1280,720,cyclist_front,242,358,318,592
image1796.jpg,1280,720,cyclist_front,303,356,360,567
image1796.jpg,1280,720,cyclist_front,399,357,454,570
image1796.jpg,1280,720,cyclist_front,452,360,497,542
image1796.jpg,1280,720,cyclist_front,488,356,540,499
image1796.jpg,1280,720,cyclist_front,372,309,407,405
image18017.jpg,1280,720,cyclist_side,304,69,614,400
image1816.jpg,1280,720,cyclist_back,888,251,993,581
image1816.jpg,1280,720,cyclist_back,751,262,881,579
image1816.jpg,1280,720,cyclist_front,497,280,599,571
image18194.jpg,1280,720,cyclist_back,913,115,1092,597
image18194.jpg,1280,720,cyclist_back,570,69,685,497
image1839.jpg,1280,720,cyclist_front,693,516,765,705
image1839.jpg,1280,720,cyclist_front,588,513,651,705
image1865.jpg,1280,720,cyclist_back,829,259,980,652
image1865.jpg,1280,720,cyclist_back,674,278,843,706
image1865.jpg,1280,720,cyclist_back,587,280,663,496
image1865.jpg,1280,720,cyclist_back,501,261,584,483
image18867.jpg,1280,720,cyclist_front,618,438,697,633
image18867.jpg,1280,720,cyclist_front,72,485,155,649
image18904.jpg,1280,720,cyclist_front,593,336,716,675
image18904.jpg,1280,720,cyclist_front,455,366,508,490
image1897.jpg,1280,720,cyclist_back,759,259,913,696
image1897.jpg,1280,720,cyclist_back,561,279,720,712
image1897.jpg,1280,720,cyclist_front,321,273,404,449
image1897.jpg,1280,720,cyclist_front,421,280,466,384
image19562.jpg,1920,1080,cyclist_back,905,413,1025,695
image19620.jpg,1920,1080,cyclist_back,794,496,914,765
image19620.jpg,1920,1080,cyclist_back,674,522,758,682
image19620.jpg,1920,1080,cyclist_back,727,495,774,616
image19693.jpg,1920,1080,cyclist_back,773,519,950,970
image19828.jpg,1920,1080,cyclist_back,933,228,1044,524
image19851.jpg,1920,1080,cyclist_back,944,235,1027,490
image19851.jpg,1920,1080,cyclist_back,884,284,928,396
image19857.jpg,1920,1080,cyclist_back,936,239,1036,488
image19857.jpg,1920,1080,cyclist_back,887,290,930,405
image2003.jpg,1280,720,cyclist_front,688,425,766,682
image2003.jpg,1280,720,cyclist_front,584,407,681,685
image2003.jpg,1280,720,cyclist_back,783,449,850,656
image2016.jpg,1280,720,cyclist_front,672,400,776,695
image2016.jpg,1280,720,cyclist_front,521,376,647,693
image204.jpg,1280,720,cyclist_back,654,387,757,606
image204.jpg,1280,720,cyclist_back,506,400,570,564
image2064.jpg,1280,720,cyclist_front,946,231,981,306
image2064.jpg,1280,720,cyclist_back,569,223,614,336
image2064.jpg,1280,720,cyclist_back,524,232,541,275
image2064.jpg,1280,720,cyclist_back,539,227,558,275
image20826.jpg,1280,720,cyclist_side,749,201,973,474
image20826.jpg,1280,720,cyclist_back,599,148,724,614
image2113.jpg,1280,720,cyclist_front,683,225,758,393
image2113.jpg,1280,720,cyclist_front,595,223,671,375
image21217.jpg,1280,720,cyclist_back,571,390,674,673
image2141.jpg,1280,720,cyclist_front,618,244,712,502
image2141.jpg,1280,720,cyclist_front,512,250,573,433
image2141.jpg,1280,720,cyclist_front,609,269,632,338
image2146.jpg,1280,720,cyclist_front,717,227,874,596
image2146.jpg,1280,720,cyclist_front,533,259,604,483
image2146.jpg,1280,720,cyclist_front,597,272,622,355
image2146.jpg,1280,720,cyclist_front,683,273,698,317
image2168.jpg,1280,720,cyclist_front,599,239,698,509
image2168.jpg,1280,720,cyclist_front,526,249,568,383
image21980.jpg,1280,720,cyclist_back,614,259,651,358
image2200.jpg,1280,720,cyclist_back,387,330,522,671
image2200.jpg,1280,720,cyclist_back,180,347,204,408
image2228.jpg,1280,720,cyclist_back,575,335,607,423
image22562.jpg,1280,720,cyclist_back,527,371,629,691
image22562.jpg,1280,720,cyclist_back,646,345,709,589
image22562.jpg,1280,720,cyclist_back,737,349,778,487
image22562.jpg,1280,720,cyclist_back,806,348,855,448
image2259.jpg,1280,720,cyclist_side,170,341,347,531
image2259.jpg,1280,720,cyclist_side,1159,347,1231,445
image2259.jpg,1280,720,cyclist_side,1214,358,1274,446
image2265.jpg,1280,720,cyclist_back,463,311,551,531
image2269.jpg,1280,720,cyclist_side,1026,360,1083,436
image2269.jpg,1280,720,cyclist_side,975,351,1032,431
image2269.jpg,1280,720,cyclist_side,69,342,233,518
image2269.jpg,1280,720,cyclist_side,475,335,559,473
image2282.jpg,1280,720,cyclist_side,1159,359,1242,452
image2282.jpg,1280,720,cyclist_side,1024,361,1098,439
image2282.jpg,1280,720,cyclist_side,869,360,915,420
image2282.jpg,1280,720,cyclist_side,813,364,862,418
image2282.jpg,1280,720,cyclist_side,72,361,273,543
image2282.jpg,1280,720,cyclist_side,425,345,500,472
image2282.jpg,1280,720,cyclist_back,623,351,657,440
image2282.jpg,1280,720,cyclist_front,42,347,75,443
image2282.jpg,1280,720,cyclist_front,103,348,134,432
image229.jpg,1280,720,cyclist_back,658,434,745,613
image229.jpg,1280,720,cyclist_back,527,455,591,634
image229.jpg,1280,720,cyclist_back,473,462,542,645
image22974.jpg,1280,720,cyclist_back,456,232,522,413
image22974.jpg,1280,720,cyclist_back,250,259,419,643
image2309.jpg,1280,720,cyclist_back,567,314,616,485
image23202.jpg,1280,720,cyclist_back,619,278,714,628
image23202.jpg,1280,720,cyclist_back,391,271,520,693
image2324.jpg,1280,720,cyclist_back,595,308,648,468
image2338.jpg,1280,720,cyclist_side,704,385,987,660
image2338.jpg,1280,720,cyclist_side,843,363,1035,587
image2338.jpg,1280,720,cyclist_side,513,363,640,541
image2338.jpg,1280,720,cyclist_side,426,363,524,507
image2338.jpg,1280,720,cyclist_side,301,367,374,446
image2338.jpg,1280,720,cyclist_side,742,357,784,425
image2338.jpg,1280,720,cyclist_back,657,356,706,460
image2338.jpg,1280,720,cyclist_front,131,351,195,517
image2338.jpg,1280,720,cyclist_front,60,360,107,463
image234.jpg,1280,720,cyclist_back,520,478,591,671
image234.jpg,1280,720,cyclist_back,573,476,640,643
image234.jpg,1280,720,cyclist_back,706,445,793,583
image23454.jpg,1280,720,cyclist_side,649,93,959,598
image23482.jpg,1280,720,cyclist_back,628,124,717,402
image2354.jpg,1280,720,cyclist_side,851,346,1045,570
image2354.jpg,1280,720,cyclist_side,1085,369,1273,614
image2354.jpg,1280,720,cyclist_side,761,341,894,506
image2354.jpg,1280,720,cyclist_side,435,353,606,562
image2354.jpg,1280,720,cyclist_side,573,359,668,450
image2354.jpg,1280,720,cyclist_side,332,353,444,516
image2354.jpg,1280,720,cyclist_side,204,363,267,495
image2354.jpg,1280,720,cyclist_side,154,348,201,424
image2354.jpg,1280,720,cyclist_side,697,356,743,412
image2369.jpg,1280,720,cyclist_back,939,265,1072,535
image2369.jpg,1280,720,cyclist_back,457,273,588,531
image2369.jpg,1280,720,cyclist_side,147,337,383,603
image2369.jpg,1280,720,cyclist_back,769,286,820,384
image2376.jpg,640,360,cyclist_back,322,90,368,182
image2378.jpg,640,360,cyclist_back,386,84,450,215
image2379.jpg,640,360,cyclist_back,407,79,490,228
image238.jpg,1280,720,cyclist_back,479,456,565,677
image238.jpg,1280,720,cyclist_back,546,463,620,617
image238.jpg,1280,720,cyclist_back,698,416,768,552
image2428.jpg,1280,720,cyclist_front,720,115,912,646
image2428.jpg,1280,720,cyclist_front,402,177,542,615
image2428.jpg,1280,720,cyclist_front,628,247,688,455
image2428.jpg,1280,720,cyclist_front,532,242,591,447
image2428.jpg,1280,720,cyclist_front,371,270,419,429
image2456.jpg,1280,720,cyclist_back,614,289,648,387
image2456.jpg,1280,720,cyclist_back,364,266,408,430
image2480.jpg,1280,720,cyclist_front,569,37,760,644
image2480.jpg,1280,720,cyclist_front,289,72,516,648
image24861.jpg,1280,720,cyclist_back,681,267,821,647
image24861.jpg,1280,720,cyclist_back,504,281,617,582
image2513.jpg,1280,720,cyclist_back,731,330,832,675
image2513.jpg,1280,720,cyclist_back,659,325,746,586
image2513.jpg,1280,720,cyclist_back,505,342,584,592
image25277.jpg,1280,720,cyclist_back,664,252,800,686
image25277.jpg,1280,720,cyclist_back,184,310,342,703
image25277.jpg,1280,720,cyclist_back,431,250,474,350
image25336.jpg,1280,720,cyclist_back,616,243,692,498
image25605.jpg,1280,720,cyclist_back,607,264,651,378
image25605.jpg,1280,720,cyclist_back,529,255,580,441
image2580.jpg,640,360,cyclist_back,72,186,113,294
image25852.jpg,1280,720,cyclist_back,434,446,521,658
image25852.jpg,1280,720,cyclist_back,582,439,609,515
image25852.jpg,1280,720,cyclist_back,606,439,633,504
image2587.jpg,1280,720,cyclist_back,501,285,591,511
image2587.jpg,1280,720,cyclist_back,584,292,667,493
image26441.jpg,1280,720,cyclist_back,582,227,631,381
image26441.jpg,1280,720,cyclist_back,651,231,685,311
image26441.jpg,1280,720,cyclist_back,637,227,658,284
image266.jpg,1280,720,cyclist_back,428,440,553,712
image2702.jpg,1280,720,cyclist_side,864,273,1067,500
image2702.jpg,1280,720,cyclist_side,439,292,632,479
image2702.jpg,1280,720,cyclist_side,10,286,204,472
image2702.jpg,1280,720,cyclist_side,154,283,256,469
image27042.jpg,1280,720,cyclist_back,764,260,896,617
image27153.jpg,1280,720,cyclist_back,741,296,846,551
image27283.jpg,1280,720,cyclist_back,616,291,708,536
image2738.jpg,1280,720,cyclist_front,137,145,267,422
image2738.jpg,1280,720,cyclist_front,331,146,401,352
image2738.jpg,1280,720,cyclist_front,439,158,497,319
image2738.jpg,1280,720,cyclist_front,516,179,554,289
image2738.jpg,1280,720,cyclist_front,558,184,582,271
image2738.jpg,1280,720,cyclist_front,575,186,602,260
image2738.jpg,1280,720,cyclist_back,671,180,710,281
image2738.jpg,1280,720,cyclist_back,774,181,815,311
image2738.jpg,1280,720,cyclist_back,746,182,771,257
image27443.jpg,1280,720,cyclist_back,547,202,669,553
image27795.jpg,1280,720,cyclist_back,706,317,804,507
image27795.jpg,1280,720,cyclist_back,447,307,522,580
image27795.jpg,1280,720,cyclist_back,534,326,588,473
image27795.jpg,1280,720,cyclist_back,583,315,618,414
image27986.jpg,1280,720,cyclist_back,271,305,392,674
image27986.jpg,1280,720,cyclist_back,417,318,470,528
image27986.jpg,1280,720,cyclist_back,509,314,555,450
image27986.jpg,1280,720,cyclist_back,573,299,614,402
image28044.jpg,1280,720,cyclist_back,752,195,1007,707
image28044.jpg,1280,720,cyclist_back,424,198,522,513
image28044.jpg,1280,720,cyclist_back,510,189,549,310
image28044.jpg,1280,720,cyclist_back,547,191,582,287
image281.jpg,1280,720,cyclist_back,521,447,567,558
image281.jpg,1280,720,cyclist_back,338,479,468,716
image2922.jpg,1280,720,cyclist_back,531,399,589,511
image29602.jpg,1280,720,cyclist_front,773,39,856,250
image29602.jpg,1280,720,cyclist_back,562,52,633,219
image29627.jpg,1280,720,cyclist_back,579,130,671,371
image29627.jpg,1280,720,cyclist_front,695,115,772,289
image29627.jpg,1280,720,cyclist_back,555,134,580,189
image29715.jpg,1280,720,cyclist_front,752,95,814,266
image29715.jpg,1280,720,cyclist_front,675,83,717,186
image29715.jpg,1280,720,cyclist_back,536,84,697,478
image29756.jpg,1280,720,cyclist_back,523,161,817,686
image29756.jpg,1280,720,cyclist_side,822,148,888,232
image29756.jpg,1280,720,cyclist_back,565,159,598,244
image29789.jpg,1280,720,cyclist_front,762,161,820,319
image29789.jpg,1280,720,cyclist_back,615,165,652,255
image29892.jpg,1280,720,cyclist_side,812,328,1075,605
image30016.jpg,1280,720,cyclist_back,428,168,532,465
image30016.jpg,1280,720,cyclist_back,639,147,680,234
image30125.jpg,1280,720,cyclist_back,523,276,615,564
image305.jpg,1280,720,cyclist_back,493,342,600,661
image30926.jpg,1280,720,cyclist_back,451,225,563,556
image30926.jpg,1280,720,cyclist_back,320,250,458,608
image30926.jpg,1280,720,cyclist_back,268,253,367,533
image30926.jpg,1280,720,cyclist_back,135,285,251,602
image31634.jpg,1280,720,cyclist_back,776,323,824,457
image31634.jpg,1280,720,cyclist_back,699,344,757,486
image31787.jpg,1280,720,cyclist_back,710,371,755,505
image31787.jpg,1280,720,cyclist_back,618,378,666,515
image3181.jpg,1280,720,cyclist_front,552,248,651,540
image3181.jpg,1280,720,cyclist_front,622,152,684,359
image3181.jpg,1280,720,cyclist_front,215,226,315,522
image3181.jpg,1280,720,cyclist_front,679,142,732,328
image31838.jpg,1280,720,cyclist_back,868,357,907,437
image31838.jpg,1280,720,cyclist_back,762,364,798,458
image31838.jpg,1280,720,cyclist_back,701,357,745,487
image31877.jpg,1280,720,cyclist_side,484,566,599,660
image31877.jpg,1280,720,cyclist_side,599,542,669,612
image31877.jpg,1280,720,cyclist_back,768,535,801,608
image31877.jpg,1280,720,cyclist_back,817,529,836,577
image3212.jpg,1280,720,cyclist_front,359,331,396,446
image32298.jpg,1280,720,cyclist_back,452,294,535,494
image32627.jpg,1280,720,cyclist_back,655,314,760,629
image334.jpg,1280,720,cyclist_back,584,340,701,709
image33920.jpg,1280,720,cyclist_back,371,405,551,714
image33920.jpg,1280,720,cyclist_side,989,285,1148,477
image3413.jpg,1280,720,cyclist_back,530,172,593,352
image3413.jpg,1280,720,cyclist_back,624,170,649,224
image3413.jpg,1280,720,cyclist_back,589,181,613,235
image3428.jpg,1280,720,cyclist_back,694,151,724,216
image3428.jpg,1280,720,cyclist_back,630,156,663,230
image3428.jpg,1280,720,cyclist_back,579,153,622,269
image34378.jpg,1280,720,cyclist_back,622,220,759,617
image34378.jpg,1280,720,cyclist_front,1043,201,1121,355
image34378.jpg,1280,720,cyclist_front,884,207,927,297
image34378.jpg,1280,720,cyclist_side,303,259,360,320
image3459.jpg,1280,720,cyclist_back,663,291,749,530
image3459.jpg,1280,720,cyclist_back,528,306,580,446
image34691.jpg,1280,720,cyclist_back,634,138,715,425
image3504.jpg,1280,720,cyclist_back,548,369,640,657
image35162.jpg,1280,720,cyclist_back,531,351,615,606
image35329.jpg,1280,720,cyclist_back,545,326,603,508
image35740.jpg,1280,720,cyclist_side,672,456,728,531
image35740.jpg,1280,720,cyclist_side,625,460,675,522
image35781.jpg,1280,720,cyclist_back,598,394,646,541
image35781.jpg,1280,720,cyclist_back,533,404,584,557
image36084.jpg,1280,720,cyclist_back,514,159,604,398
image37291.jpg,1280,720,cyclist_side,409,235,469,318
image37544.jpg,1280,720,cyclist_side,437,475,550,634
image37544.jpg,1280,720,cyclist_side,990,367,1126,640
image37646.jpg,1280,720,cyclist_back,753,387,825,683
image3799.jpg,1280,720,cyclist_front,657,77,737,342
image3799.jpg,1280,720,cyclist_front,807,177,837,255
image3799.jpg,1280,720,cyclist_front,840,189,857,231
image3815.jpg,640,360,cyclist_back,447,152,507,302
image3839.jpg,640,360,cyclist_back,452,149,510,286
image3854.jpg,1280,720,cyclist_back,632,259,682,396
image3854.jpg,1280,720,cyclist_back,583,260,598,308
image38550.jpg,1280,720,cyclist_side,53,191,461,657
image3879.jpg,640,360,cyclist_back,231,155,270,263
image38961.jpg,1280,720,cyclist_back,656,415,780,698
image3897.jpg,1280,720,cyclist_side,565,259,723,543
image3897.jpg,1280,720,cyclist_back,248,265,296,406
image3897.jpg,1280,720,cyclist_back,136,266,207,419
image3898.jpg,640,360,cyclist_back,232,155,270,241
image3910.jpg,1280,720,cyclist_back,765,202,820,363
image3910.jpg,1280,720,cyclist_back,671,206,720,357
image3910.jpg,1280,720,cyclist_back,630,208,670,346
image3910.jpg,1280,720,cyclist_back,510,238,576,399
image3922.jpg,1280,720,cyclist_back,689,208,762,474
image3922.jpg,1280,720,cyclist_back,951,217,1012,400
image3922.jpg,1280,720,cyclist_back,395,230,526,544
image3922.jpg,1280,720,cyclist_back,265,285,455,716
image39758.jpg,1280,720,cyclist_side,129,419,586,710
image39758.jpg,1280,720,cyclist_front,470,314,520,406
image39758.jpg,1280,720,cyclist_front,435,325,476,394
image4013.jpg,1280,720,cyclist_back,657,319,692,423
image4013.jpg,1280,720,cyclist_back,515,324,562,485
image4013.jpg,1280,720,cyclist_back,450,316,494,439
image4013.jpg,1280,720,cyclist_back,396,332,440,467
image4013.jpg,1280,720,cyclist_back,358,330,393,435
image40286.jpg,1280,720,cyclist_side,137,146,595,712
image40320.jpg,1280,720,cyclist_back,454,234,518,425
image4042.jpg,1280,720,cyclist_side,273,195,664,547
image4052.jpg,1280,720,cyclist_side,327,168,701,514
image41430.jpg,1280,720,cyclist_back,672,171,766,429
image41778.jpg,1280,720,cyclist_side,817,174,966,332
image42137.jpg,1280,720,cyclist_side,819,122,968,274
image42137.jpg,1280,720,cyclist_side,368,94,507,234
image42137.jpg,1280,720,cyclist_side,169,93,284,234
image42307.jpg,1280,720,cyclist_front,678,137,748,359
image42452.jpg,1280,720,cyclist_front,883,212,1097,603
image42452.jpg,1280,720,cyclist_front,807,282,889,468
image42452.jpg,1280,720,cyclist_front,767,317,812,441
image42452.jpg,1280,720,cyclist_front,736,314,774,432
image42452.jpg,1280,720,cyclist_front,713,328,743,414
image42452.jpg,1280,720,cyclist_front,612,291,671,458
image4248.jpg,1280,720,cyclist_back,823,249,1013,710
image4248.jpg,1280,720,cyclist_back,808,245,882,536
image4248.jpg,1280,720,cyclist_back,722,274,785,457
image4248.jpg,1280,720,cyclist_back,647,272,685,427
image4248.jpg,1280,720,cyclist_front,626,276,650,336
image4248.jpg,1280,720,cyclist_front,553,267,592,406
image4248.jpg,1280,720,cyclist_front,499,279,566,474
image4248.jpg,1280,720,cyclist_front,313,239,432,681
image42486.jpg,1280,720,cyclist_front,737,289,798,481
image42486.jpg,1280,720,cyclist_front,702,317,736,412
image42486.jpg,1280,720,cyclist_front,580,252,668,501
image42519.jpg,1280,720,cyclist_front,979,194,1195,593
image42519.jpg,1280,720,cyclist_front,842,249,949,516
image42519.jpg,1280,720,cyclist_front,791,309,855,460
image42519.jpg,1280,720,cyclist_front,733,319,773,423
image4259.jpg,1280,720,cyclist_back,748,271,821,434
image4259.jpg,1280,720,cyclist_back,576,264,664,543
image4259.jpg,1280,720,cyclist_back,379,237,495,571
image42617.jpg,1280,720,cyclist_back,164,116,356,503
image42617.jpg,1280,720,cyclist_back,428,134,500,316
image42617.jpg,1280,720,cyclist_back,519,133,564,263
image42617.jpg,1280,720,cyclist_back,624,101,687,286
image42765.jpg,1280,720,cyclist_side,393,223,579,441
image42771.jpg,1280,720,cyclist_side,340,235,600,505
image428.jpg,1280,720,cyclist_back,683,348,861,720
image428.jpg,1280,720,cyclist_back,638,324,698,544
image428.jpg,1280,720,cyclist_back,561,329,631,507
image4341.jpg,1280,720,cyclist_back,452,383,537,587
image4349.jpg,1280,720,cyclist_back,515,280,569,435
image4349.jpg,1280,720,cyclist_back,455,291,502,461
image4349.jpg,1280,720,cyclist_back,349,289,407,460
image4354.jpg,1280,720,cyclist_back,572,370,695,707
image4379.jpg,1280,720,cyclist_front,970,270,1105,683
image4379.jpg,1280,720,cyclist_front,668,256,827,710
image43822.jpg,1280,720,cyclist_back,476,302,537,484
image4398.jpg,1280,720,cyclist_front,769,270,887,608
image4398.jpg,1280,720,cyclist_front,603,289,723,623
image4398.jpg,1280,720,cyclist_front,440,267,601,697
image4439.jpg,1280,720,cyclist_back,499,348,593,603
image44474.jpg,1280,720,cyclist_back,527,306,653,589
image44474.jpg,1280,720,cyclist_back,656,336,716,478
image44474.jpg,1280,720,cyclist_back,728,365,830,599
image4475.jpg,1280,720,cyclist_side,384,189,729,574
image4475.jpg,1280,720,cyclist_side,587,245,823,600
image4486.jpg,1280,720,cyclist_front,668,245,787,662
image4486.jpg,1280,720,cyclist_front,824,193,915,504
image4486.jpg,1280,720,cyclist_front,471,192,610,660
image4486.jpg,1280,720,cyclist_front,628,191,702,510
image4506.jpg,1280,720,cyclist_front,584,208,780,711
image4506.jpg,1280,720,cyclist_front,749,158,878,584
image4506.jpg,1280,720,cyclist_front,267,142,471,714
image4506.jpg,1280,720,cyclist_front,541,135,647,535
image45103.jpg,1280,720,cyclist_front,755,110,851,370
image45222.jpg,1280,720,cyclist_side,443,48,671,367
image4543.jpg,1280,720,cyclist_back,764,137,987,714
image4543.jpg,1280,720,cyclist_front,488,167,560,426
image4543.jpg,1280,720,cyclist_front,384,186,464,414
image4555.jpg,1280,720,cyclist_back,703,234,806,638
image4555.jpg,1280,720,cyclist_back,458,145,620,600
image4555.jpg,1280,720,cyclist_back,847,196,884,307
image4576.jpg,1280,720,cyclist_front,799,183,897,524
image4576.jpg,1280,720,cyclist_front,706,195,802,591
image4576.jpg,1280,720,cyclist_front,601,195,668,495
image4576.jpg,1280,720,cyclist_front,496,201,605,600
image4576.jpg,1280,720,cyclist_front,416,228,450,329
image46009.jpg,1280,720,cyclist_side,674,184,947,528
image4605.jpg,1280,720,cyclist_front,659,257,830,677
image4605.jpg,1280,720,cyclist_front,475,252,524,476
image4605.jpg,1280,720,cyclist_front,335,236,460,653
image46075.jpg,1280,720,cyclist_back,565,168,688,589
image46203.jpg,1280,720,cyclist_back,335,372,393,523
image4631.jpg,1280,720,cyclist_front,866,212,1054,713
image4631.jpg,1280,720,cyclist_front,693,272,836,653
image4631.jpg,1280,720,cyclist_front,447,317,509,540
image4631.jpg,1280,720,cyclist_front,423,282,463,438
image4631.jpg,1280,720,cyclist_front,374,297,426,425
image4631.jpg,1280,720,cyclist_back,1186,314,1275,502
image4637.jpg,640,360,cyclist_front,354,90,397,213
image46464.jpg,1280,720,cyclist_back,562,276,650,550
image46464.jpg,1280,720,cyclist_back,654,268,688,360
image46647.jpg,1280,720,cyclist_front,1027,29,1124,186
image46677.jpg,1280,720,cyclist_front,1053,12,1147,178
image46677.jpg,1280,720,cyclist_front,952,71,1007,178
image46748.jpg,1280,720,cyclist_front,976,55,1046,185
image46748.jpg,1280,720,cyclist_front,908,69,955,193
image46748.jpg,1280,720,cyclist_front,885,106,914,160
image46801.jpg,1280,720,cyclist_front,862,9,961,247
image46801.jpg,1280,720,cyclist_front,737,43,833,270
image46895.jpg,1280,720,cyclist_front,835,50,919,222
image4699.jpg,1280,720,cyclist_front,375,276,466,453
image4699.jpg,1280,720,cyclist_front,474,278,548,451
image4699.jpg,1280,720,cyclist_front,561,282,593,380
image4699.jpg,1280,720,cyclist_back,681,255,756,538
image4699.jpg,1280,720,cyclist_back,761,313,802,469
image4699.jpg,1280,720,cyclist_back,650,265,700,458
image4699.jpg,1280,720,cyclist_back,778,275,816,382
image4712.jpg,1280,720,cyclist_front,340,276,425,474
image4712.jpg,1280,720,cyclist_back,658,242,742,559
image4712.jpg,1280,720,cyclist_back,774,276,817,390
image4712.jpg,1280,720,cyclist_back,734,311,798,487
image4712.jpg,1280,720,cyclist_back,631,252,686,463
image47147.jpg,1280,720,cyclist_front,810,6,910,238
image47288.jpg,1280,720,cyclist_front,785,20,887,244
image47288.jpg,1280,720,cyclist_front,686,7,816,315
image4733.jpg,1280,720,cyclist_front,482,161,633,658
image4733.jpg,1280,720,cyclist_front,354,200,471,584
image47356.jpg,1280,720,cyclist_back,688,397,823,714
image47356.jpg,1280,720,cyclist_side,865,438,1012,599
image47434.jpg,1280,720,cyclist_back,482,320,601,590
image47434.jpg,1280,720,cyclist_back,307,313,383,559
image4757.jpg,1280,720,cyclist_front,626,148,748,538
image4757.jpg,1280,720,cyclist_front,333,130,570,716
image4820.jpg,1280,720,cyclist_front,848,238,983,693
image4820.jpg,1280,720,cyclist_front,720,261,781,489
image4820.jpg,1280,720,cyclist_front,655,252,701,461
image4820.jpg,1280,720,cyclist_front,588,257,645,483
image48261.jpg,1280,720,cyclist_side,878,401,965,510
image48273.jpg,1280,720,cyclist_side,681,394,778,491
image48305.jpg,1280,720,cyclist_side,572,359,627,413
image48361.jpg,1280,720,cyclist_side,585,245,684,339
image4845.jpg,1280,720,cyclist_back,488,375,572,637
image4845.jpg,1280,720,cyclist_back,567,371,612,505
image4847.jpg,1280,720,cyclist_back,539,191,723,619
image48476.jpg,1280,720,cyclist_front,687,68,764,217
image48484.jpg,1280,720,cyclist_side,701,157,982,484
image48635.jpg,1280,720,cyclist_side,703,152,1049,581
image48945.jpg,1280,720,cyclist_side,592,249,724,383
image48961.jpg,1280,720,cyclist_back,608,104,728,439
image4927.jpg,1280,720,cyclist_back,793,218,886,462
image4927.jpg,1280,720,cyclist_back,682,207,782,430
image4927.jpg,1280,720,cyclist_front,541,220,615,380
image497.jpg,1280,720,cyclist_back,858,263,925,487
image497.jpg,1280,720,cyclist_back,745,241,816,493
image497.jpg,1280,720,cyclist_back,813,259,872,434
image497.jpg,1280,720,cyclist_back,704,265,756,433
image497.jpg,1280,720,cyclist_front,513,258,580,441
image497.jpg,1280,720,cyclist_front,456,276,507,425
image497.jpg,1280,720,cyclist_front,578,271,631,408
image497.jpg,1280,720,cyclist_front,663,266,692,345
image49856.jpg,1280,720,cyclist_back,434,265,504,482
image49889.jpg,1280,720,cyclist_back,504,235,590,490
image49966.jpg,1280,720,cyclist_back,705,271,820,540
image49986.jpg,1280,720,cyclist_back,684,302,751,526
image50.jpg,1280,720,cyclist_side,716,303,1003,587
image50.jpg,1280,720,cyclist_back,886,266,995,443
image50.jpg,1280,720,cyclist_side,335,305,566,571
image50.jpg,1280,720,cyclist_side,434,263,579,470
image50.jpg,1280,720,cyclist_side,203,239,294,384
image50.jpg,1280,720,cyclist_front,615,225,657,328
image50.jpg,1280,720,cyclist_back,676,229,709,325
image50.jpg,1280,720,cyclist_back,541,226,582,304
image50.jpg,1280,720,cyclist_side,1032,248,1112,336
image50.jpg,1280,720,cyclist_side,958,245,1026,327
image50.jpg,1280,720,cyclist_side,845,236,899,307
image50.jpg,1280,720,cyclist_side,754,234,806,293
image50.jpg,1280,720,cyclist_side,726,231,769,297
image5013.jpg,1280,720,cyclist_side,164,359,555,700
image5018.jpg,1280,720,cyclist_side,542,357,745,640
image5022.jpg,1280,720,cyclist_back,663,360,791,606
image5027.jpg,1280,720,cyclist_back,722,373,786,565
image50311.jpg,1280,720,cyclist_back,498,184,582,483
image50394.jpg,1280,720,cyclist_back,675,130,741,295
image50951.jpg,1280,720,cyclist_back,881,200,941,335
image50951.jpg,1280,720,cyclist_back,746,189,784,300
image5108.jpg,1280,720,cyclist_back,79,149,378,658
image51156.jpg,1280,720,cyclist_back,756,256,796,358
image51156.jpg,1280,720,cyclist_front,1134,293,1186,416
image5128.jpg,1280,720,cyclist_back,381,115,512,402
image51416.jpg,1280,720,cyclist_back,632,183,681,353
image51556.jpg,1280,720,cyclist_side,390,217,570,433
image51556.jpg,1280,720,cyclist_front,171,287,318,497
image51691.jpg,1280,720,cyclist_side,39,174,370,700
image51724.jpg,1280,720,cyclist_side,394,171,593,379
image51726.jpg,1280,720,cyclist_side,109,173,318,384
image51755.jpg,1280,720,cyclist_side,512,127,904,531
image51768.jpg,1280,720,cyclist_back,609,249,689,581
image51768.jpg,1280,720,cyclist_back,707,255,746,367
image52108.jpg,1280,720,cyclist_side,723,126,797,211
image52108.jpg,1280,720,cyclist_side,820,130,899,218
image52115.jpg,1280,720,cyclist_side,630,102,731,217
image52115.jpg,1280,720,cyclist_side,812,111,928,233
image52123.jpg,1280,720,cyclist_side,895,133,1087,358
image52123.jpg,1280,720,cyclist_side,504,110,678,330
image52712.jpg,1280,720,cyclist_back,690,156,753,318
image52712.jpg,1280,720,cyclist_back,518,168,587,327
image52712.jpg,1280,720,cyclist_back,433,169,523,366
image52824.jpg,1280,720,cyclist_side,159,74,595,666
image52837.jpg,1280,720,cyclist_back,484,134,649,643
image52837.jpg,1280,720,cyclist_back,649,164,686,247
image52922.jpg,1280,720,cyclist_front,579,335,716,690
image52922.jpg,1280,720,cyclist_back,821,340,854,425
image5293.jpg,1280,720,cyclist_front,456,279,615,686
image5293.jpg,1280,720,cyclist_front,380,284,427,439
image5293.jpg,1280,720,cyclist_front,341,297,384,414
image53016.jpg,1280,720,cyclist_back,697,281,891,709
image53016.jpg,1280,720,cyclist_back,290,187,495,650
image5310.jpg,1280,720,cyclist_front,523,250,661,600
image5310.jpg,1280,720,cyclist_front,390,278,472,512
image53195.jpg,1280,720,cyclist_back,441,234,530,487
image53195.jpg,1280,720,cyclist_back,704,249,730,319
image5339.jpg,1280,720,cyclist_back,704,252,748,400
image5339.jpg,1280,720,cyclist_back,640,249,688,384
image5339.jpg,1280,720,cyclist_front,522,236,575,418
image5339.jpg,1280,720,cyclist_front,445,220,520,431
image53810.jpg,1280,720,cyclist_back,506,250,569,500
image53810.jpg,1280,720,cyclist_back,438,247,495,437
image53810.jpg,1280,720,cyclist_back,308,263,403,556
image5419.jpg,640,360,cyclist_back,268,138,322,284
image54287.jpg,1280,720,cyclist_back,741,300,781,406
image54287.jpg,1280,720,cyclist_back,443,315,546,555
image54314.jpg,1280,720,cyclist_back,573,290,627,450
image54314.jpg,1280,720,cyclist_back,771,273,807,353
image54314.jpg,1280,720,cyclist_back,716,277,738,346
image5444.jpg,1280,720,cyclist_back,448,216,530,462
image5444.jpg,1280,720,cyclist_back,502,193,545,280
image54468.jpg,1280,720,cyclist_side,249,274,591,653
image5467.jpg,1280,720,cyclist_back,474,284,614,617
image5467.jpg,1280,720,cyclist_back,261,330,455,711
image5467.jpg,1280,720,cyclist_back,438,276,501,444
image5481.jpg,1280,720,cyclist_side,464,236,775,633
image5481.jpg,1280,720,cyclist_back,1132,225,1233,489
image5481.jpg,1280,720,cyclist_front,80,232,167,368
image5481.jpg,1280,720,cyclist_side,784,256,847,337
image5481.jpg,1280,720,cyclist_side,729,247,779,314
image5481.jpg,1280,720,cyclist_side,1025,258,1097,336
image5481.jpg,1280,720,cyclist_side,1082,246,1151,346
image54916.jpg,1280,720,cyclist_back,208,166,297,400
image54916.jpg,1280,720,cyclist_back,431,194,481,285
image54956.jpg,1280,720,cyclist_side,752,91,979,359
image55017.jpg,1280,720,cyclist_back,523,109,609,264
image55017.jpg,1280,720,cyclist_back,199,153,297,468
image55017.jpg,1280,720,cyclist_back,298,116,346,200
image55104.jpg,1280,720,cyclist_back,439,129,522,287
image55104.jpg,1280,720,cyclist_back,518,119,580,246
image55104.jpg,1280,720,cyclist_back,313,111,383,323
image55104.jpg,1280,720,cyclist_back,139,166,279,570
image5512.jpg,1280,720,cyclist_back,1058,233,1139,484
image5512.jpg,1280,720,cyclist_side,678,253,853,474
image5512.jpg,1280,720,cyclist_side,491,247,676,468
image5512.jpg,1280,720,cyclist_side,378,242,514,415
image5512.jpg,1280,720,cyclist_side,205,228,390,501
image5512.jpg,1280,720,cyclist_side,36,239,146,390
image5512.jpg,1280,720,cyclist_back,804,244,861,367
image5512.jpg,1280,720,cyclist_back,1247,247,1276,391
image5514.jpg,640,360,cyclist_front,337,89,402,295
image55190.jpg,1280,720,cyclist_back,279,112,419,569
image55190.jpg,1280,720,cyclist_back,236,92,275,216
image55190.jpg,1280,720,cyclist_back,128,94,191,252
image552.jpg,1280,720,cyclist_side,869,202,1248,668
image552.jpg,1280,720,cyclist_side,396,172,929,708
image5529.jpg,1280,720,cyclist_side,1066,228,1272,638
image5529.jpg,1280,720,cyclist_side,965,248,1202,484
image5529.jpg,1280,720,cyclist_side,801,248,960,441
image5529.jpg,1280,720,cyclist_side,414,248,590,444
image5529.jpg,1280,720,cyclist_side,223,259,417,518
image5529.jpg,1280,720,cyclist_back,698,252,743,350
image5529.jpg,1280,720,cyclist_side,628,263,684,328
image5529.jpg,1280,720,cyclist_side,530,261,578,315
image553.jpg,1280,720,cyclist_side,878,201,1240,667
image553.jpg,1280,720,cyclist_side,369,193,921,716
image55402.jpg,1280,720,cyclist_front,717,191,785,341
image55405.jpg,1280,720,cyclist_front,782,169,871,397
image55452.jpg,1280,720,cyclist_front,787,97,984,449
image5551.jpg,1280,720,cyclist_back,784,240,849,437
image5551.jpg,1280,720,cyclist_back,559,227,655,457
image5551.jpg,1280,720,cyclist_back,419,182,573,575
image5551.jpg,1280,720,cyclist_back,100,181,361,710
image5551.jpg,1280,720,cyclist_back,1031,258,1053,318
image5551.jpg,1280,720,cyclist_back,1062,263,1078,309
image5554.jpg,1280,720,cyclist_back,549,298,601,424
image5561.jpg,1280,720,cyclist_back,775,233,834,428
image5561.jpg,1280,720,cyclist_back,717,221,785,431
image5561.jpg,1280,720,cyclist_back,668,215,723,409
image5561.jpg,1280,720,cyclist_back,535,233,627,428
image55660.jpg,1280,720,cyclist_front,709,184,781,355
image5572.jpg,1280,720,cyclist_back,774,250,835,442
image5572.jpg,1280,720,cyclist_back,655,219,728,484
image5572.jpg,1280,720,cyclist_back,558,237,653,436
image5572.jpg,1280,720,cyclist_back,997,260,1019,326
image5573.jpg,1280,720,cyclist_back,771,242,838,430
image5573.jpg,1280,720,cyclist_back,661,222,721,462
image5573.jpg,1280,720,cyclist_back,550,235,655,434
image5573.jpg,1280,720,cyclist_back,1004,258,1033,322
image5582.jpg,1280,720,cyclist_back,620,257,671,375
image55844.jpg,1280,720,cyclist_back,550,345,665,712
image55844.jpg,1280,720,cyclist_back,674,344,708,432
image5587.jpg,1280,720,cyclist_back,384,204,565,517
image5587.jpg,1280,720,cyclist_back,708,215,766,474
image5587.jpg,1280,720,cyclist_back,762,235,830,411
image5587.jpg,1280,720,cyclist_back,635,203,712,428
image55917.jpg,1280,720,cyclist_back,297,267,419,706
image55917.jpg,1280,720,cyclist_back,123,301,236,662
image5621.jpg,1280,720,cyclist_back,218,225,389,675
image5622.jpg,1280,720,cyclist_back,654,140,838,617
image5622.jpg,1280,720,cyclist_side,783,209,988,496
image5622.jpg,1280,720,cyclist_back,308,165,492,506
image5622.jpg,1280,720,cyclist_back,503,198,633,505
image5622.jpg,1280,720,cyclist_back,10,167,256,623
image5647.jpg,1280,720,cyclist_front,275,190,364,479
image5647.jpg,1280,720,cyclist_back,599,196,679,456
image5647.jpg,1280,720,cyclist_back,710,228,750,404
image5647.jpg,1280,720,cyclist_back,523,225,600,413
image5647.jpg,1280,720,cyclist_back,814,229,843,345
image5647.jpg,1280,720,cyclist_back,748,209,789,357
image5647.jpg,1280,720,cyclist_back,678,218,714,372
image5647.jpg,1280,720,cyclist_back,893,224,927,329
image5647.jpg,1280,720,cyclist_back,866,229,894,309
image5647.jpg,1280,720,cyclist_back,786,222,818,329
image5647.jpg,1280,720,cyclist_back,931,238,960,307
image5665.jpg,1280,720,cyclist_front,427,200,526,371
image5665.jpg,1280,720,cyclist_front,706,218,738,340
image5665.jpg,1280,720,cyclist_front,800,214,828,307
image5665.jpg,1280,720,cyclist_front,751,212,790,321
image5665.jpg,1280,720,cyclist_front,688,212,715,320
image5665.jpg,1280,720,cyclist_back,928,217,955,303
image5665.jpg,1280,720,cyclist_back,892,234,916,310
image5665.jpg,1280,720,cyclist_back,1005,228,1028,284
image5665.jpg,1280,720,cyclist_back,972,231,992,289
image5665.jpg,1280,720,cyclist_back,955,228,975,289
image5665.jpg,1280,720,cyclist_back,873,223,901,299
image5672.jpg,1280,720,cyclist_back,534,259,592,419
image5677.jpg,1280,720,cyclist_front,277,170,442,473
image5677.jpg,1280,720,cyclist_front,438,174,553,405
image5677.jpg,1280,720,cyclist_front,4,179,189,625
image5677.jpg,1280,720,cyclist_back,579,176,659,452
image5677.jpg,1280,720,cyclist_back,740,215,789,371
image5677.jpg,1280,720,cyclist_back,1009,232,1027,285
image5693.jpg,1280,720,cyclist_back,636,199,719,448
image5693.jpg,1280,720,cyclist_back,960,216,979,285
image5695.jpg,1280,720,cyclist_back,622,293,703,514
image5695.jpg,1280,720,cyclist_back,415,306,502,552
image57058.jpg,1280,720,cyclist_side,397,357,526,498
image57071.jpg,1280,720,cyclist_side,786,338,917,469
image5719.jpg,1280,720,cyclist_front,534,179,593,381
image5719.jpg,1280,720,cyclist_side,602,194,657,343
image5719.jpg,1280,720,cyclist_front,647,188,700,323
image5719.jpg,1280,720,cyclist_back,686,186,759,406
image5719.jpg,1280,720,cyclist_front,901,207,922,263
image57198.jpg,1280,720,cyclist_back,214,234,303,437
image57198.jpg,1280,720,cyclist_side,378,227,441,322
image5751.jpg,1280,720,cyclist_front,597,191,658,447
image5751.jpg,1280,720,cyclist_front,473,215,544,382
image5751.jpg,1280,720,cyclist_front,565,211,607,378
image5751.jpg,1280,720,cyclist_front,727,226,769,327
image5751.jpg,1280,720,cyclist_back,804,220,841,342
image5751.jpg,1280,720,cyclist_back,858,227,889,320
image5751.jpg,1280,720,cyclist_back,902,231,925,315
image5751.jpg,1280,720,cyclist_back,925,232,943,303
image5751.jpg,1280,720,cyclist_back,942,234,964,298
image5751.jpg,1280,720,cyclist_back,973,235,996,297
image5770.jpg,1280,720,cyclist_back,688,217,746,402
image5770.jpg,1280,720,cyclist_front,575,217,634,387
image5770.jpg,1280,720,cyclist_front,877,221,898,297
image5770.jpg,1280,720,cyclist_front,858,232,875,297
image5770.jpg,1280,720,cyclist_front,810,221,837,305
image5770.jpg,1280,720,cyclist_back,955,237,979,294
image5807.jpg,1280,720,cyclist_back,776,205,826,346
image5807.jpg,1280,720,cyclist_back,619,235,692,434
image5807.jpg,1280,720,cyclist_front,507,208,574,361
image5813.jpg,1280,720,cyclist_front,84,171,283,505
image5813.jpg,1280,720,cyclist_front,5,197,145,502
image5813.jpg,1280,720,cyclist_back,641,205,703,395
image5813.jpg,1280,720,cyclist_back,800,230,836,353
image5813.jpg,1280,720,cyclist_back,912,217,936,305
image58398.jpg,1280,720,cyclist_front,539,245,616,466
image5920.jpg,1280,720,cyclist_front,494,223,568,440
image5920.jpg,1280,720,cyclist_back,679,230,739,408
image5920.jpg,1280,720,cyclist_back,763,231,803,389
image5920.jpg,1280,720,cyclist_front,804,237,828,335
image5920.jpg,1280,720,cyclist_front,834,239,858,328
image5920.jpg,1280,720,cyclist_back,895,241,928,327
image5920.jpg,1280,720,cyclist_back,931,247,953,324
image5920.jpg,1280,720,cyclist_back,972,253,993,316
image59268.jpg,1280,720,cyclist_back,684,241,751,396
image59268.jpg,1280,720,cyclist_back,748,231,800,360
image5951.jpg,1280,720,cyclist_front,496,228,563,444
image5951.jpg,1280,720,cyclist_back,661,222,749,460
image5951.jpg,1280,720,cyclist_back,729,216,782,413
image5951.jpg,1280,720,cyclist_front,773,240,809,342
image5952.jpg,1280,720,cyclist_front,476,223,547,464
image5952.jpg,1280,720,cyclist_back,671,217,747,463
image5952.jpg,1280,720,cyclist_back,737,227,787,418
image6044.jpg,1280,720,cyclist_front,633,202,708,475
image6044.jpg,1280,720,cyclist_front,565,218,619,434
image6044.jpg,1280,720,cyclist_front,462,224,534,403
image6044.jpg,1280,720,cyclist_front,750,229,788,345
image6044.jpg,1280,720,cyclist_front,792,235,821,322
image6044.jpg,1280,720,cyclist_front,839,241,867,319
image6045.jpg,1280,720,cyclist_front,693,175,849,565
image6045.jpg,1280,720,cyclist_front,546,215,634,486
image6045.jpg,1280,720,cyclist_front,334,211,448,446
image6045.jpg,1280,720,cyclist_back,927,234,961,324
image6045.jpg,1280,720,cyclist_back,971,236,992,309
image6045.jpg,1280,720,cyclist_back,1003,245,1024,308
image6045.jpg,1280,720,cyclist_front,832,241,856,319
image60700.jpg,1280,720,cyclist_back,215,157,322,539
image6122.jpg,1280,720,cyclist_side,786,298,907,448
image61572.jpg,1280,720,cyclist_back,338,192,450,405
image61572.jpg,1280,720,cyclist_back,483,136,576,314
image6166.jpg,1280,720,cyclist_back,586,356,652,491
image6196.jpg,1280,720,cyclist_back,576,367,672,590
image6212.jpg,1280,720,cyclist_back,618,341,732,608
image62367.jpg,1280,720,cyclist_side,545,261,703,415
image62367.jpg,1280,720,cyclist_back,162,296,405,711
image62371.jpg,1280,720,cyclist_side,561,279,702,432
image62371.jpg,1280,720,cyclist_back,299,303,520,711
image624.jpg,1280,720,cyclist_side,726,378,897,582
image624.jpg,1280,720,cyclist_side,600,368,750,589
image624.jpg,1280,720,cyclist_side,402,371,566,617
image624.jpg,1280,720,cyclist_side,298,357,384,508
image624.jpg,1280,720,cyclist_front,194,372,271,524
image624.jpg,1280,720,cyclist_front,35,385,82,491
image624.jpg,1280,720,cyclist_front,60,376,103,473
image624.jpg,1280,720,cyclist_side,888,378,972,500
image624.jpg,1280,720,cyclist_side,978,390,1053,475
image6262.jpg,1280,720,cyclist_side,868,140,1274,668
image6262.jpg,1280,720,cyclist_side,587,285,823,662
image6262.jpg,1280,720,cyclist_side,162,316,469,658
image6262.jpg,1280,720,cyclist_back,271,147,362,382
image6262.jpg,1280,720,cyclist_back,367,141,443,345
image6262.jpg,1280,720,cyclist_back,571,148,637,346
image6262.jpg,1280,720,cyclist_back,643,127,688,317
image6262.jpg,1280,720,cyclist_back,745,146,793,298
image6262.jpg,1280,720,cyclist_back,696,143,748,299
image6266.jpg,1280,720,cyclist_back,615,262,715,559
image6267.jpg,1280,720,cyclist_front,415,198,524,540
image6267.jpg,1280,720,cyclist_back,682,205,750,419
image6267.jpg,1280,720,cyclist_back,946,238,968,302
image6271.jpg,1280,720,cyclist_back,575,247,676,534
image6274.jpg,1280,720,cyclist_side,39,100,270,510
image6274.jpg,1280,720,cyclist_side,98,143,629,689
image6274.jpg,1280,720,cyclist_side,649,112,1027,512
image6274.jpg,1280,720,cyclist_side,1063,147,1274,609
image6292.jpg,1280,720,cyclist_side,206,74,764,663
image6292.jpg,1280,720,cyclist_side,933,158,1202,508
image6303.jpg,1280,720,cyclist_side,1003,115,1274,599
image6303.jpg,1280,720,cyclist_side,332,151,784,611
image63515.jpg,1280,720,cyclist_back,510,255,602,460
image63632.jpg,1280,720,cyclist_side,514,265,591,357
image63632.jpg,1280,720,cyclist_back,1074,336,1129,440
image63641.jpg,1280,720,cyclist_back,1038,330,1087,433
image63641.jpg,1280,720,cyclist_side,556,280,643,363
image63664.jpg,1280,720,cyclist_side,642,311,726,382
image6382.jpg,1280,720,cyclist_back,576,317,680,567
image6386.jpg,1280,720,cyclist_back,578,329,654,538
image63924.jpg,1280,720,cyclist_side,596,245,717,353
image63930.jpg,1280,720,cyclist_side,353,233,612,499
image64281.jpg,1280,720,cyclist_side,747,258,975,560
image64281.jpg,1280,720,cyclist_side,1128,318,1242,461
image64281.jpg,1280,720,cyclist_side,532,230,625,409
image64281.jpg,1280,720,cyclist_front,662,261,713,364
image64281.jpg,1280,720,cyclist_back,306,194,353,331
image6443.jpg,1280,720,cyclist_front,572,239,648,494
image6443.jpg,1280,720,cyclist_front,482,235,551,409
image6443.jpg,1280,720,cyclist_front,688,243,734,349
image6443.jpg,1280,720,cyclist_back,819,233,876,377
image6443.jpg,1280,720,cyclist_back,920,236,957,339
image6444.jpg,1280,720,cyclist_front,589,239,663,520
image6444.jpg,1280,720,cyclist_front,443,238,522,418
image6444.jpg,1280,720,cyclist_front,661,246,706,361
image6444.jpg,1280,720,cyclist_back,836,235,883,373
image6444.jpg,1280,720,cyclist_back,900,241,924,347
image6482.jpg,1280,720,cyclist_front,677,232,751,458
image6482.jpg,1280,720,cyclist_front,395,223,505,469
image6482.jpg,1280,720,cyclist_side,201,235,376,493
image64822.jpg,1280,720,cyclist_back,821,67,1039,499
image6551.jpg,1280,720,cyclist_back,625,442,706,680
image6551.jpg,1280,720,cyclist_back,543,438,613,672
image6551.jpg,1280,720,cyclist_back,581,399,601,448
image65596.jpg,1280,720,cyclist_back,654,245,833,517
image65596.jpg,1280,720,cyclist_front,498,244,591,462
image6565.jpg,1280,720,cyclist_back,591,333,638,473
image65659.jpg,1280,720,cyclist_front,968,208,1108,460
image65774.jpg,1280,720,cyclist_side,972,40,1193,307
image65774.jpg,1280,720,cyclist_side,794,37,934,227
image66056.jpg,1280,720,cyclist_side,1000,292,1225,635
image66056.jpg,1280,720,cyclist_back,794,225,885,429
image66056.jpg,1280,720,cyclist_back,730,231,775,348
image66056.jpg,1280,720,cyclist_back,710,255,733,307
image66056.jpg,1280,720,cyclist_back,691,243,717,301
image6612.jpg,1280,720,cyclist_back,543,344,620,531
image66389.jpg,1280,720,cyclist_side,851,411,956,563
image66389.jpg,1280,720,cyclist_side,317,224,469,409
image66389.jpg,1280,720,cyclist_side,124,159,293,358
image6671.jpg,1280,720,cyclist_back,437,315,552,625
image6723.jpg,1280,720,cyclist_front,680,227,785,575
image6723.jpg,1280,720,cyclist_front,622,229,695,419
image6723.jpg,1280,720,cyclist_front,788,236,839,363
image6723.jpg,1280,720,cyclist_front,857,238,899,332
image6723.jpg,1280,720,cyclist_front,833,229,869,335
image6723.jpg,1280,720,cyclist_back,1006,240,1033,326
image6723.jpg,1280,720,cyclist_back,951,239,981,339
image6723.jpg,1280,720,cyclist_back,915,240,947,358
image6733.jpg,1280,720,cyclist_side,175,445,313,581
image674.jpg,1280,720,cyclist_side,192,261,395,564
image674.jpg,1280,720,cyclist_side,478,259,593,501
image674.jpg,1280,720,cyclist_front,603,303,705,541
image674.jpg,1280,720,cyclist_side,1000,317,1096,455
image674.jpg,1280,720,cyclist_front,692,300,765,485
image6765.jpg,1280,720,cyclist_back,943,403,1009,524
image6765.jpg,1280,720,cyclist_back,854,382,912,516
image6855.jpg,1280,720,cyclist_back,599,324,676,544
image6855.jpg,1280,720,cyclist_back,459,352,555,629
image6855.jpg,1280,720,cyclist_back,541,319,599,469
image6881.jpg,1280,720,cyclist_back,500,386,545,526
image6881.jpg,1280,720,cyclist_back,448,376,489,497
image6881.jpg,1280,720,cyclist_back,388,394,447,566
image6881.jpg,1280,720,cyclist_front,586,384,613,468
image6881.jpg,1280,720,cyclist_front,541,379,582,458
image6910.jpg,1280,720,cyclist_front,688,466,762,676
image6910.jpg,1280,720,cyclist_side,517,450,614,585
image6910.jpg,1280,720,cyclist_front,627,452,659,538
image6910.jpg,1280,720,cyclist_back,470,459,507,556
image6957.jpg,1280,720,cyclist_front,933,300,1041,512
image6957.jpg,1280,720,cyclist_front,831,307,900,464
image6957.jpg,1280,720,cyclist_back,578,329,636,478
image6957.jpg,1280,720,cyclist_back,515,358,586,512
image6992.jpg,1280,720,cyclist_back,600,331,648,461
image6992.jpg,1280,720,cyclist_back,546,358,614,527
image7020.jpg,1280,720,cyclist_back,746,231,821,511
image7020.jpg,1280,720,cyclist_back,661,193,739,479
image7020.jpg,1280,720,cyclist_back,550,224,650,558
image7020.jpg,1280,720,cyclist_front,363,220,467,538
image7048.jpg,1280,720,cyclist_back,753,256,839,520
image7048.jpg,1280,720,cyclist_back,639,223,728,504
image7048.jpg,1280,720,cyclist_back,713,247,760,377
image7048.jpg,1280,720,cyclist_back,587,251,652,468
image7048.jpg,1280,720,cyclist_front,530,259,571,382
image705.jpg,1280,720,cyclist_front,901,193,1071,713
image705.jpg,1280,720,cyclist_front,505,146,720,711
image705.jpg,1280,720,cyclist_front,158,144,324,709
image7097.jpg,1280,720,cyclist_back,600,262,707,526
image7111.jpg,1280,720,cyclist_back,585,235,660,413
image7124.jpg,1280,720,cyclist_back,550,253,616,401
image7354.jpg,1280,720,cyclist_back,507,297,583,453
image7429.jpg,1280,720,cyclist_back,512,270,555,370
image7429.jpg,1280,720,cyclist_back,472,253,503,326
image7429.jpg,1280,720,cyclist_front,808,222,855,299
image7462.jpg,1280,720,cyclist_back,650,214,686,298
image7462.jpg,1280,720,cyclist_back,573,217,630,327
image7550.jpg,640,360,cyclist_back,84,96,165,268
image7578.jpg,1280,720,cyclist_back,572,351,656,571
image7578.jpg,1280,720,cyclist_back,782,340,847,459
image7581.jpg,1280,720,cyclist_side,916,187,1272,567
image7581.jpg,1280,720,cyclist_side,140,135,513,563
image7609.jpg,1280,720,cyclist_back,768,390,837,511
image7609.jpg,1280,720,cyclist_back,641,398,693,520
image7609.jpg,1280,720,cyclist_back,533,404,589,529
image7637.jpg,1280,720,cyclist_back,759,348,869,705
image7637.jpg,1280,720,cyclist_back,879,352,949,489
image7694.jpg,1280,720,cyclist_back,571,208,622,339
image7725.jpg,1280,720,cyclist_back,661,281,734,458
image7792.jpg,640,360,cyclist_front,531,95,574,229
image7926.jpg,640,360,cyclist_back,274,89,313,190
image8165.jpg,1280,720,cyclist_side,570,226,862,495
image8165.jpg,1280,720,cyclist_side,188,212,439,484
image818.jpg,1280,720,cyclist_back,384,370,560,686
image818.jpg,1280,720,cyclist_back,997,315,1061,440
image8216.jpg,1280,720,cyclist_side,223,59,883,697
image8222.jpg,640,360,cyclist_back,407,84,441,186
image8225.jpg,1280,720,cyclist_side,251,71,887,672
image8228.jpg,640,360,cyclist_back,417,88,452,176
image8330.jpg,1280,720,cyclist_back,555,251,625,450
image8347.jpg,1280,720,cyclist_side,139,364,270,482
image8347.jpg,1280,720,cyclist_side,933,367,1029,481
image8479.jpg,1280,720,cyclist_back,523,242,595,430
image8506.jpg,1280,720,cyclist_back,672,138,882,637
image8506.jpg,1280,720,cyclist_back,460,151,638,626
image8564.jpg,1280,720,cyclist_back,458,296,514,414
image8616.jpg,1280,720,cyclist_back,692,257,819,618
image8616.jpg,1280,720,cyclist_front,408,258,507,562
image8616.jpg,1280,720,cyclist_front,481,283,535,519
image8630.jpg,1280,720,cyclist_side,252,165,719,657
image8692.jpg,1280,720,cyclist_back,322,308,439,578
image8737.jpg,1280,720,cyclist_back,788,332,855,551
image8885.jpg,640,360,cyclist_front,416,118,446,199
image8885.jpg,640,360,cyclist_back,206,89,264,306
image8886.jpg,640,360,cyclist_front,414,119,448,207
image8886.jpg,640,360,cyclist_back,200,91,264,317
image8911.jpg,1280,720,cyclist_back,486,369,573,582
image8930.jpg,640,360,cyclist_back,164,92,232,310
image8935.jpg,1280,720,cyclist_front,537,261,692,623
image8935.jpg,1280,720,cyclist_front,179,245,212,340
image8935.jpg,1280,720,cyclist_front,149,244,181,328
image8976.jpg,640,360,cyclist_back,279,102,335,312
image899.jpg,1280,720,cyclist_back,586,382,636,538
image899.jpg,1280,720,cyclist_back,463,422,521,544
image8999.jpg,1280,720,cyclist_back,684,248,736,391
image8999.jpg,1280,720,cyclist_back,585,239,657,410
image8999.jpg,1280,720,cyclist_side,25,213,364,570
image9007.jpg,1280,720,cyclist_back,522,285,623,572
image9044.jpg,1280,720,cyclist_side,615,118,794,438
image9044.jpg,1280,720,cyclist_side,316,128,529,506
image9060.jpg,1280,720,cyclist_back,665,204,772,531
image9060.jpg,1280,720,cyclist_back,472,190,634,629
image9112.jpg,640,360,cyclist_back,322,125,351,188
image9112.jpg,640,360,cyclist_back,132,125,169,226
image9145.jpg,1280,720,cyclist_back,826,232,910,419
image9145.jpg,1280,720,cyclist_back,963,217,1025,396
image9162.jpg,1280,720,cyclist_front,410,219,550,614
image9162.jpg,1280,720,cyclist_back,569,229,623,364
image927.jpg,1280,720,cyclist_back,560,336,704,709
image927.jpg,1280,720,cyclist_back,326,398,480,670
image927.jpg,1280,720,cyclist_back,209,378,329,694
image9295.jpg,1280,720,cyclist_side,588,383,645,439
image9366.jpg,640,360,cyclist_back,240,64,259,152
image9366.jpg,640,360,cyclist_back,312,68,329,112
image9424.jpg,1280,720,cyclist_back,569,291,602,395
image9424.jpg,1280,720,cyclist_back,597,290,624,379
image9551.jpg,640,360,cyclist_back,202,97,237,197
image9551.jpg,640,360,cyclist_back,132,106,153,176
image9551.jpg,640,360,cyclist_back,149,104,162,165
image9992.jpg,640,360,cyclist_back,300,83,335,196
image9992.jpg,640,360,cyclist_side,256,84,285,136
Two_people_on_bike_Amsterdam_2016_09_15_6785.jpg,3328,4641,cyclist_front,921,800,1686,4095
Two_people_on_bike_Amsterdam_2016_09_15_6785.jpg,3328,4641,cyclist_front,2606,960,3308,3227
_69167072_dutchbikes_prioritystreet_portland_464.jpg,624,435,cyclist_back,294,255,367,430
_69167072_dutchbikes_prioritystreet_portland_464.jpg,624,435,cyclist_side,18,270,125,358
